GRANULARITY,NONE,PDU_DURATION,Redfish_DURATION,RAPL_DURATION
0, 0.0001136,0.0096288,8.049786,15.1624612
0.001, 0.1077604,0.1436108,12.3605434,15.2656308
0.01, 1.0111004,1.06763080,10.6432328,16.112618
0.05, 5.0111864,5.07535940,15.7635772,20.0437378
0.1, 10.0162304,10.0788484,19.9849842,25.2603608
